Product Name,Category,Al-Sater Price (BHD),Al-Hali Supermarket Price (BHD),Lulu Hypermarket Price (BHD)
Chili Twist克斯,Snacks & Savory,0.766,0.773,0.735
Butter Twist克斯,Snacks & Savory,0.209,0.200,0.206
Sour Cream & Onion Pringles,Snacks & Savory,0.596,0.567,0.594
Cheese Cheetos,Snacks & Savory,0.227,0.219,0.211
Beetroot Cheetos,Snacks & Savory,0.304,0.304,0.278
Salt & Vinegar Delights,Snacks & Savory,0.788,0.778,0.777
Hot & Fire Twist克斯,Snacks & Savory,0.415,0.395,0.413
Butter Oman Chips,Snacks & Savory,0.313,0.300,0.303
Sour Cream & Onion Twist克斯,Snacks & Savory,0.124,0.127,0.115
Chili Safari Chips,Snacks & Savory,0.318,0.315,0.304
Cheese Cheetos,Snacks & Savory,0.643,0.659,0.636
Salt & Vinegar Safari Chips,Snacks & Savory,0.465,0.478,0.458
Hot & Fire Oman Chips,Snacks & Savory,0.511,0.525,0.491
Salted Fresco,Snacks & Savory,0.111,0.109,0.104
Sour Cream & Onion Safari Chips,Snacks & Savory,0.110,0.106,0.107
Salted Delights,Snacks & Savory,0.524,0.537,0.506
Beetroot Twist克斯,Snacks & Savory,0.536,0.523,0.486
Sour Cream & Onion Twist克斯,Snacks & Savory,0.566,0.564,0.525
Salted Delights,Snacks & Savory,0.368,0.378,0.362
Butter Doritos,Snacks & Savory,0.265,0.257,0.240
Butter Unicorn,Snacks & Savory,0.408,0.394,0.404
Chili Lays,Snacks & Savory,0.494,0.497,0.451
Chili Twist克斯,Snacks & Savory,0.760,0.758,0.737
Butter Oman Chips,Snacks & Savory,0.666,0.666,0.657
Butter Pringles,Snacks & Savory,0.185,0.181,0.183
Beetroot Lays,Snacks & Savory,0.553,0.525,0.517
Salt & Vinegar Delights,Snacks & Savory,0.215,0.213,0.204
Ketchup Lays,Snacks & Savory,0.289,0.280,0.265
Beetroot Safari Chips,Snacks & Savory,0.383,0.366,0.354
Cheese Twist克斯,Snacks & Savory,0.599,0.576,0.599
Salted Al Baker,Snacks & Savory,0.784,0.771,0.708
Salted Lays,Snacks & Savory,0.268,0.258,0.254
Salt & Vinegar Cheetos,Snacks & Savory,0.570,0.576,0.527
Sour Cream & Onion Cheetos,Snacks & Savory,0.429,0.441,0.403
Beetroot Lays,Snacks & Savory,0.325,0.314,0.294
Chili Pringles,Snacks & Savory,0.112,0.111,0.103
Chili Twist克斯,Snacks & Savory,0.758,0.744,0.721
Salted Safari Chips,Snacks & Savory,0.573,0.578,0.528
Ketchup Unicorn,Snacks & Savory,0.260,0.251,0.260
Salted Pringles,Snacks & Savory,0.269,0.258,0.266
Salt & Vinegar Doritos,Snacks & Savory,0.337,0.330,0.328
Chili Delights,Snacks & Savory,0.721,0.730,0.695
Salted Al Baker,Snacks & Savory,0.213,0.218,0.205
Beetroot Delights,Snacks & Savory,0.564,0.536,0.517
Cheese Oman Chips,Snacks & Savory,0.584,0.585,0.539
Chili Lays,Snacks & Savory,0.266,0.260,0.259
Salt & Vinegar Safari Chips,Snacks & Savory,0.605,0.590,0.577
Ketchup Al Baker,Snacks & Savory,0.545,0.529,0.523
Ketchup Cheetos,Snacks & Savory,0.724,0.724,0.709
Salted Lays,Snacks & Savory,0.237,0.239,0.220
Salted Delights,Snacks & Savory,0.131,0.135,0.124
Pizza Doritos,Snacks & Savory,0.359,0.341,0.356
Hot & Fire Lays,Snacks & Savory,0.501,0.515,0.455
Salt & Vinegar Doritos,Snacks & Savory,0.288,0.285,0.270
Pizza Unicorn,Snacks & Savory,0.587,0.584,0.534
Salt & Vinegar Cheetos,Snacks & Savory,0.198,0.196,0.196
Sour Cream & Onion Lays,Snacks & Savory,0.588,0.592,0.550
Salt & Vinegar Unicorn,Snacks & Savory,0.394,0.382,0.379
Salt & Vinegar Unicorn,Snacks & Savory,0.451,0.457,0.435
Salt & Vinegar Delights,Snacks & Savory,0.119,0.119,0.112
Ketchup Cheetos,Snacks & Savory,0.426,0.423,0.396
Butter Unicorn,Snacks & Savory,0.121,0.115,0.119
Hot & Fire Cheetos,Snacks & Savory,0.466,0.471,0.429
Salt & Vinegar Doritos,Snacks & Savory,0.160,0.153,0.153
Salt & Vinegar Delights,Snacks & Savory,0.197,0.189,0.196
Ketchup Unicorn,Snacks & Savory,0.657,0.638,0.620
Butter Twist克斯,Snacks & Savory,0.118,0.121,0.116
Hot & Fire Fresco,Snacks & Savory,0.141,0.144,0.133
Beetroot Cheetos,Snacks & Savory,0.562,0.546,0.559
Hot & Fire Twist克斯,Snacks & Savory,0.528,0.519,0.488
Hot & Fire Delights,Snacks & Savory,0.184,0.180,0.167
Chili Lays,Snacks & Savory,0.223,0.212,0.218
Salt & Vinegar Doritos,Snacks & Savory,0.342,0.338,0.330
Butter Unicorn,Snacks & Savory,0.764,0.780,0.708
Butter Unicorn,Snacks & Savory,0.753,0.746,0.718
Sour Cream & Onion Pringles,Snacks & Savory,0.761,0.780,0.751
Chili Al Baker,Snacks & Savory,0.503,0.493,0.485
Ketchup Lays,Snacks & Savory,0.674,0.674,0.662
Butter Safari Chips,Snacks & Savory,0.245,0.238,0.226
Ketchup Oman Chips,Snacks & Savory,0.533,0.521,0.515
Butter Unicorn,Snacks & Savory,0.116,0.118,0.108
Butter Pringles,Snacks & Savory,0.588,0.588,0.581
Beetroot Pringles,Snacks & Savory,0.662,0.644,0.608
Sour Cream & Onion Fresco,Snacks & Savory,0.665,0.684,0.626
Salted Oman Chips,Snacks & Savory,0.643,0.628,0.639
Salted Doritos,Snacks & Savory,0.576,0.581,0.532
Salted Lays,Snacks & Savory,0.454,0.461,0.423
Ketchup Al Baker,Snacks & Savory,0.372,0.354,0.368
Salt & Vinegar Fresco,Snacks & Savory,0.770,0.773,0.730
Hot & Fire Unicorn,Snacks & Savory,0.164,0.164,0.157
Chili Doritos,Snacks & Savory,0.762,0.772,0.694
Butter Doritos,Snacks & Savory,0.782,0.805,0.708
Salt & Vinegar Delights,Snacks & Savory,0.482,0.485,0.480
Butter Fresco,Snacks & Savory,0.686,0.699,0.675
Butter Safari Chips,Snacks & Savory,0.378,0.386,0.346
Pizza Doritos,Snacks & Savory,0.791,0.775,0.741
Salted Pringles,Snacks & Savory,0.763,0.785,0.744
Ketchup Cheetos,Snacks & Savory,0.644,0.641,0.607
Ketchup Unicorn,Snacks & Savory,0.178,0.176,0.160
Chili Unicorn,Snacks & Savory,0.183,0.176,0.177
Ketchup Lays,Snacks & Savory,0.508,0.522,0.476
Beetroot Lays,Snacks & Savory,0.708,0.685,0.705
Pizza Doritos,Snacks & Savory,0.747,0.765,0.691
Chili Delights,Snacks & Savory,0.153,0.147,0.141
Hot & Fire Lays,Snacks & Savory,0.588,0.577,0.573
Butter Al Baker,Snacks & Savory,0.765,0.781,0.723
Sour Cream & Onion Doritos,Snacks & Savory,0.219,0.219,0.206
Hot & Fire Oman Chips,Snacks & Savory,0.782,0.805,0.758
Beetroot Lays,Snacks & Savory,0.317,0.322,0.307
Pizza Delights,Snacks & Savory,0.765,0.771,0.735
Butter Oman Chips,Snacks & Savory,0.753,0.768,0.681
Sour Cream & Onion Twist克斯,Snacks & Savory,0.364,0.369,0.364
Hot & Fire Lays,Snacks & Savory,0.625,0.613,0.614
Salted Lays,Snacks & Savory,0.428,0.421,0.397
Pizza Twist克斯,Snacks & Savory,0.584,0.580,0.569
Hot & Fire Delights,Snacks & Savory,0.510,0.514,0.498
Salted Delights,Snacks & Savory,0.269,0.260,0.249
Salted Pringles,Snacks & Savory,0.570,0.570,0.533
Salt & Vinegar Safari Chips,Snacks & Savory,0.570,0.565,0.557
Cheese Al Baker,Snacks & Savory,0.697,0.693,0.666
Beetroot Al Baker,Snacks & Savory,0.513,0.507,0.483
Hot & Fire Doritos,Snacks & Savory,0.548,0.556,0.543
Pizza Oman Chips,Snacks & Savory,0.526,0.526,0.503
Cheese Delights,Snacks & Savory,0.344,0.341,0.337
Butter Twist克斯,Snacks & Savory,0.704,0.722,0.644
Salted Safari Chips,Snacks & Savory,0.444,0.431,0.420
Pizza Oman Chips,Snacks & Savory,0.445,0.434,0.429
Ketchup Al Baker,Snacks & Savory,0.476,0.470,0.456
Pizza Al Baker,Snacks & Savory,0.588,0.567,0.570
Ketchup Fresco,Snacks & Savory,0.712,0.706,0.710
Ketchup Unicorn,Snacks & Savory,0.129,0.124,0.120
Hot & Fire Cheetos,Snacks & Savory,0.484,0.480,0.453
Salted Oman Chips,Snacks & Savory,0.452,0.454,0.409
Beetroot Fresco,Snacks & Savory,0.581,0.576,0.532
Butter Lays,Snacks & Savory,0.708,0.677,0.679
Sour Cream & Onion Pringles,Snacks & Savory,0.439,0.439,0.411
Cheese Safari Chips,Snacks & Savory,0.623,0.594,0.576
Ketchup Twist克斯,Snacks & Savory,0.727,0.720,0.693
Butter Oman Chips,Snacks & Savory,0.348,0.342,0.317
Hot & Fire Twist克斯,Snacks & Savory,0.228,0.227,0.224
Butter Cheetos,Snacks & Savory,0.475,0.460,0.444
Chili Fresco,Snacks & Savory,0.349,0.350,0.331
Pizza Pringles,Snacks & Savory,0.511,0.516,0.482
Butter Delights,Snacks & Savory,0.299,0.293,0.288
Sour Cream & Onion Oman Chips,Snacks & Savory,0.449,0.438,0.446
Pizza Doritos,Snacks & Savory,0.258,0.253,0.245
Sour Cream & Onion Al Baker,Snacks & Savory,0.728,0.696,0.693
Hot & Fire Safari Chips,Snacks & Savory,0.788,0.756,0.741
Chili Al Baker,Snacks & Savory,0.104,0.107,0.099
Ketchup Cheetos,Snacks & Savory,0.675,0.680,0.644
Ketchup Unicorn,Snacks & Savory,0.687,0.664,0.685
Ketchup Pringles,Snacks & Savory,0.240,0.242,0.229
Butter Lays,Snacks & Savory,0.637,0.610,0.606
Ketchup Pringles,Snacks & Savory,0.136,0.133,0.124
Butter Twist克斯,Snacks & Savory,0.793,0.774,0.778
Hot & Fire Lays,Snacks & Savory,0.102,0.098,0.097
Salt & Vinegar Cheetos,Snacks & Savory,0.656,0.629,0.646
Hot & Fire Oman Chips,Snacks & Savory,0.612,0.627,0.562
Salted Delights,Snacks & Savory,0.619,0.616,0.609
Beetroot Safari Chips,Snacks & Savory,0.625,0.634,0.614
Hot & Fire Doritos,Snacks & Savory,0.265,0.265,0.263
Butter Fresco,Snacks & Savory,0.375,0.381,0.354
Pizza Delights,Snacks & Savory,0.478,0.471,0.458
Salted Lays,Snacks & Savory,0.374,0.371,0.339
Ketchup Safari Chips,Snacks & Savory,0.480,0.473,0.448
Sour Cream & Onion Delights,Snacks & Savory,0.586,0.565,0.579
Chili Lays,Snacks & Savory,0.619,0.616,0.619
Salted Fresco,Snacks & Savory,0.595,0.602,0.544
Pizza Pringles,Snacks & Savory,0.600,0.594,0.585
Pizza Cheetos,Snacks & Savory,0.476,0.467,0.450
Sour Cream & Onion Pringles,Snacks & Savory,0.452,0.449,0.429
Cheese Pringles,Snacks & Savory,0.109,0.109,0.104
Hot & Fire Unicorn,Snacks & Savory,0.679,0.697,0.634
Sour Cream & Onion Cheetos,Snacks & Savory,0.397,0.386,0.382
Sour Cream & Onion Unicorn,Snacks & Savory,0.454,0.454,0.409
Chili Al Baker,Snacks & Savory,0.743,0.753,0.670
Salted Unicorn,Snacks & Savory,0.503,0.502,0.474
Beetroot Safari Chips,Snacks & Savory,0.748,0.738,0.682
Butter Doritos,Snacks & Savory,0.687,0.660,0.682
Salt & Vinegar Cheetos,Snacks & Savory,0.259,0.259,0.243
Beetroot Doritos,Snacks & Savory,0.244,0.247,0.234
Chili Delights,Snacks & Savory,0.476,0.487,0.445
Cheese Oman Chips,Snacks & Savory,0.743,0.741,0.671
Ketchup Al Baker,Snacks & Savory,0.274,0.273,0.251
Sour Cream & Onion Doritos,Snacks & Savory,0.318,0.322,0.295
Cheese Unicorn,Snacks & Savory,0.564,0.544,0.562
Chili Lays,Snacks & Savory,0.390,0.373,0.390
Salt & Vinegar Lays,Snacks & Savory,0.517,0.494,0.504
Sour Cream & Onion Al Baker,Snacks & Savory,0.729,0.705,0.670
Ketchup Safari Chips,Snacks & Savory,0.146,0.148,0.138
Pizza Oman Chips,Snacks & Savory,0.409,0.402,0.391
Salted Pringles,Snacks & Savory,0.334,0.319,0.326
Butter Unicorn,Snacks & Savory,0.728,0.722,0.713
Cheese Twist克斯,Snacks & Savory,0.707,0.695,0.675
Sour Cream & Onion Delights,Snacks & Savory,0.237,0.235,0.227
Hot & Fire Fresco,Snacks & Savory,0.225,0.225,0.208
Ketchup Oman Chips,Snacks & Savory,0.270,0.272,0.266
Chili Al Baker,Snacks & Savory,0.761,0.732,0.716
Cheese Twist克斯,Snacks & Savory,0.109,0.104,0.100
Ketchup Delights,Snacks & Savory,0.508,0.500,0.503
Chili Doritos,Snacks & Savory,0.335,0.340,0.314
Chili Twist克斯,Snacks & Savory,0.537,0.528,0.513
Hot & Fire Oman Chips,Snacks & Savory,0.306,0.314,0.299
Salted Safari Chips,Snacks & Savory,0.708,0.700,0.701
Cheese Lays,Snacks & Savory,0.116,0.113,0.111
Salt & Vinegar Fresco,Snacks & Savory,0.253,0.253,0.238
Butter Unicorn,Snacks & Savory,0.730,0.734,0.707
Cheese Cheetos,Snacks & Savory,0.471,0.478,0.447
Salted Oman Chips,Snacks & Savory,0.384,0.380,0.373
Butter Doritos,Snacks & Savory,0.198,0.192,0.183
Sour Cream & Onion Al Baker,Snacks & Savory,0.276,0.276,0.262
Salted Unicorn,Snacks & Savory,0.393,0.385,0.374
Pizza Oman Chips,Snacks & Savory,0.617,0.590,0.593
Hot & Fire Unicorn,Snacks & Savory,0.686,0.676,0.680
Salt & Vinegar Al Baker,Snacks & Savory,0.527,0.541,0.495
Pizza Safari Chips,Snacks & Savory,0.195,0.193,0.181
Ketchup Pringles,Snacks & Savory,0.517,0.493,0.491
Cheese Al Baker,Snacks & Savory,0.536,0.530,0.501
Salted Safari Chips,Snacks & Savory,0.389,0.391,0.373
Salt & Vinegar Fresco,Snacks & Savory,0.153,0.146,0.138
Pizza Delights,Snacks & Savory,0.513,0.502,0.466
Salted Al Baker,Snacks & Savory,0.196,0.201,0.185
Ketchup Safari Chips,Snacks & Savory,0.613,0.622,0.592
Pizza Cheetos,Snacks & Savory,0.786,0.804,0.758
Butter Al Baker,Snacks & Savory,0.136,0.136,0.123
Salted Twist克斯,Snacks & Savory,0.226,0.225,0.224
Salt & Vinegar Doritos,Snacks & Savory,0.308,0.315,0.307
Cheese Twist克斯,Snacks & Savory,0.622,0.594,0.588
Butter Al Baker,Snacks & Savory,0.551,0.552,0.516
Ketchup Oman Chips,Snacks & Savory,0.587,0.574,0.571
Sour Cream & Onion Twist克斯,Snacks & Savory,0.478,0.484,0.445
Salted Oman Chips,Snacks & Savory,0.720,0.719,0.665
Ketchup Twist克斯,Snacks & Savory,0.709,0.675,0.700
Ketchup Oman Chips,Snacks & Savory,0.149,0.142,0.135
Hot & Fire Lays,Snacks & Savory,0.436,0.434,0.404
Butter Fresco,Snacks & Savory,0.164,0.160,0.156
Salted Lays,Snacks & Savory,0.177,0.173,0.164
Cheese Pringles,Snacks & Savory,0.264,0.252,0.238
Salted Fresco,Snacks & Savory,0.374,0.359,0.372
Hot & Fire Doritos,Snacks & Savory,0.163,0.160,0.161
Cheese Safari Chips,Snacks & Savory,0.217,0.223,0.200
Pizza Pringles,Snacks & Savory,0.525,0.520,0.485
Beetroot Oman Chips,Snacks & Savory,0.254,0.245,0.248
Hot & Fire Cheetos,Snacks & Savory,0.140,0.144,0.138
Chili Delights,Snacks & Savory,0.796,0.767,0.748
Cheese Oman Chips,Snacks & Savory,0.587,0.565,0.576
Sour Cream & Onion Cheetos,Snacks & Savory,0.624,0.595,0.617
Cheese Doritos,Snacks & Savory,0.420,0.412,0.389
Ketchup Fresco,Snacks & Savory,0.769,0.784,0.754
Beetroot Safari Chips,Snacks & Savory,0.486,0.465,0.457
Sour Cream & Onion Cheetos,Snacks & Savory,0.587,0.560,0.560
Hot & Fire Doritos,Snacks & Savory,0.794,0.758,0.785
Butter Delights,Snacks & Savory,0.500,0.501,0.477
Pizza Lays,Snacks & Savory,0.465,0.474,0.430
Beetroot Al Baker,Snacks & Savory,0.334,0.324,0.332
Pizza Pringles,Snacks & Savory,0.232,0.237,0.231
Ketchup Fresco,Snacks & Savory,0.715,0.680,0.702
Salt & Vinegar Doritos,Snacks & Savory,0.213,0.216,0.209
Cheese Twist克斯,Snacks & Savory,0.301,0.301,0.300
Sour Cream & Onion Lays,Snacks & Savory,0.282,0.282,0.269
Pizza Delights,Snacks & Savory,0.298,0.284,0.281
Hot & Fire Oman Chips,Snacks & Savory,0.172,0.176,0.167
Chili Oman Chips,Snacks & Savory,0.311,0.313,0.282
Pizza Unicorn,Snacks & Savory,0.342,0.342,0.309
Chili Oman Chips,Snacks & Savory,0.553,0.552,0.519
Salted Al Baker,Snacks & Savory,0.327,0.323,0.319
Salt & Vinegar Unicorn,Snacks & Savory,0.412,0.400,0.412
Ketchup Lays,Snacks & Savory,0.416,0.401,0.407
Chili Al Baker,Snacks & Savory,0.688,0.696,0.635
Ketchup Al Baker,Snacks & Savory,0.766,0.737,0.723
Hot & Fire Doritos,Snacks & Savory,0.547,0.537,0.507
Salted Delights,Snacks & Savory,0.325,0.328,0.317
Salted Delights,Snacks & Savory,0.556,0.545,0.548
Sour Cream & Onion Al Baker,Snacks & Savory,0.211,0.204,0.192
Cheese Safari Chips,Snacks & Savory,0.633,0.633,0.578
Sour Cream & Onion Doritos,Snacks & Savory,0.745,0.745,0.730
Salt & Vinegar Fresco,Snacks & Savory,0.188,0.189,0.177
Beetroot Cheetos,Snacks & Savory,0.213,0.213,0.199
Sour Cream & Onion Oman Chips,Snacks & Savory,0.403,0.415,0.369
Cheese Doritos,Snacks & Savory,0.576,0.565,0.575
Beetroot Cheetos,Snacks & Savory,0.702,0.711,0.635
Ketchup Cheetos,Snacks & Savory,0.173,0.168,0.173
Pizza Cheetos,Snacks & Savory,0.247,0.241,0.241
Salted Oman Chips,Snacks & Savory,0.462,0.442,0.432
Chili Lays,Snacks & Savory,0.350,0.342,0.349
Butter Unicorn,Snacks & Savory,0.660,0.638,0.605
Sour Cream & Onion Lays,Snacks & Savory,0.546,0.550,0.493
Beetroot Cheetos,Snacks & Savory,0.136,0.135,0.132
Sour Cream & Onion Safari Chips,Snacks & Savory,0.600,0.608,0.560
Salt & Vinegar Al Baker,Snacks & Savory,0.563,0.560,0.540
Butter Cheetos,Snacks & Savory,0.437,0.417,0.400
Cheese Al Baker,Snacks & Savory,0.142,0.138,0.130
Butter Delights,Snacks & Savory,0.330,0.326,0.322
Hot & Fire Twist克斯,Snacks & Savory,0.561,0.555,0.536
Ketchup Oman Chips,Snacks & Savory,0.260,0.268,0.259
Butter Delights,Snacks & Savory,0.382,0.370,0.360
Salt & Vinegar Lays,Snacks & Savory,0.424,0.432,0.412
Chili Safari Chips,Snacks & Savory,0.540,0.545,0.527
Cheese Safari Chips,Snacks & Savory,0.707,0.704,0.667
Cheese Doritos,Snacks & Savory,0.441,0.450,0.437
Salt & Vinegar Cheetos,Snacks & Savory,0.294,0.293,0.291
Cheese Delights,Snacks & Savory,0.542,0.547,0.495
Chili Safari Chips,Snacks & Savory,0.736,0.710,0.680
Salt & Vinegar Oman Chips,Snacks & Savory,0.389,0.372,0.367
Sour Cream & Onion Cheetos,Snacks & Savory,0.506,0.508,0.460
Beetroot Lays,Snacks & Savory,0.779,0.756,0.752
Sour Cream & Onion Lays,Snacks & Savory,0.519,0.510,0.479
Butter Al Baker,Snacks & Savory,0.151,0.146,0.144
Beetroot Unicorn,Snacks & Savory,0.402,0.390,0.387
Beetroot Lays,Snacks & Savory,0.217,0.209,0.196
Hot & Fire Doritos,Snacks & Savory,0.473,0.479,0.459
Pizza Safari Chips,Snacks & Savory,0.244,0.234,0.226
Beetroot Oman Chips,Snacks & Savory,0.472,0.484,0.427
Ketchup Twist克斯,Snacks & Savory,0.417,0.427,0.388
Ketchup Lays,Snacks & Savory,0.129,0.124,0.129
Cheese Safari Chips,Snacks & Savory,0.326,0.335,0.312
Cheese Safari Chips,Snacks & Savory,0.340,0.337,0.310
Cheese Pringles,Snacks & Savory,0.241,0.242,0.240
Salt & Vinegar Lays,Snacks & Savory,0.571,0.563,0.563
Cheese Cheetos,Snacks & Savory,0.563,0.579,0.528
Cheese Oman Chips,Snacks & Savory,0.532,0.542,0.509
Sour Cream & Onion Al Baker,Snacks & Savory,0.657,0.672,0.631
Hot & Fire Doritos,Snacks & Savory,0.504,0.493,0.462
Beetroot Cheetos,Snacks & Savory,0.707,0.728,0.689
Beetroot Doritos,Snacks & Savory,0.176,0.176,0.172
Pizza Pringles,Snacks & Savory,0.407,0.416,0.402
Ketchup Twist克斯,Snacks & Savory,0.708,0.694,0.658
Beetroot Twist克斯,Snacks & Savory,0.330,0.330,0.317
Ketchup Doritos,Snacks & Savory,0.372,0.367,0.344
Ketchup Lays,Snacks & Savory,0.259,0.248,0.249
Cheese Unicorn,Snacks & Savory,0.424,0.416,0.418
Pizza Oman Chips,Snacks & Savory,0.740,0.751,0.674
Cheese Doritos,Snacks & Savory,0.469,0.455,0.444
Salt & Vinegar Al Baker,Snacks & Savory,0.669,0.674,0.666
Salt & Vinegar Doritos,Snacks & Savory,0.402,0.411,0.365
Chili Fresco,Snacks & Savory,0.749,0.715,0.744
Ketchup Cheetos,Snacks & Savory,0.171,0.169,0.158
Ketchup Pringles,Snacks & Savory,0.507,0.485,0.493
Salted Oman Chips,Snacks & Savory,0.784,0.796,0.747
Butter Twist克斯,Snacks & Savory,0.660,0.637,0.613
Butter Lays,Snacks & Savory,0.230,0.235,0.217
Salt & Vinegar Cheetos,Snacks & Savory,0.671,0.657,0.639
Salt & Vinegar Al Baker,Snacks & Savory,0.547,0.542,0.525
Beetroot Unicorn,Snacks & Savory,0.553,0.533,0.518
Sour Cream & Onion Unicorn,Snacks & Savory,0.639,0.636,0.591
Cheese Pringles,Snacks & Savory,0.612,0.623,0.592
Cheese Fresco,Snacks & Savory,0.637,0.613,0.600
Salted Doritos,Snacks & Savory,0.616,0.628,0.568
Pizza Lays,Snacks & Savory,0.117,0.117,0.112
Butter Al Baker,Snacks & Savory,0.280,0.280,0.254
Medium Bar Flake,Chocolates & Sweets,0.521,0.520,0.504
Single Piece Maltesers,Chocolates & Sweets,0.752,0.758,0.678
Large Bar Kinder,Chocolates & Sweets,0.964,0.942,0.955
With Hazelnut Bounty,Chocolates & Sweets,1.021,1.019,0.960
Single Piece KitKat,Chocolates & Sweets,0.629,0.601,0.599
Chocolate Balls Snickers,Chocolates & Sweets,0.244,0.244,0.226
Medium Bar Kinder,Chocolates & Sweets,1.068,1.034,1.010
Single Piece Galaxy,Chocolates & Sweets,0.221,0.217,0.207
Medium Bar Mars,Chocolates & Sweets,0.753,0.735,0.721
Mini Bag Maltesers,Chocolates & Sweets,1.448,1.449,1.413
Milk Chocolate Cadbury,Chocolates & Sweets,0.281,0.277,0.274
With Hazelnut KitKat,Chocolates & Sweets,1.224,1.254,1.130
Large Bar Toblerone,Chocolates & Sweets,0.356,0.366,0.353
Regular Fingers Toblerone,Chocolates & Sweets,1.287,1.276,1.239
With Hazelnut Snickers,Chocolates & Sweets,1.170,1.123,1.150
Mini Bag Galaxy,Chocolates & Sweets,1.107,1.055,1.030
Medium Bar Snickers,Chocolates & Sweets,0.664,0.649,0.613
Large Bar KitKat,Chocolates & Sweets,0.686,0.676,0.659
Single Piece Cadbury,Chocolates & Sweets,1.391,1.377,1.390
Mini Bag Twix,Chocolates & Sweets,0.431,0.442,0.393
Large Bar Snickers,Chocolates & Sweets,1.060,1.052,1.030
Double Fingers Mars,Chocolates & Sweets,0.561,0.537,0.528
Medium Bar Snickers,Chocolates & Sweets,0.452,0.464,0.433
With Caramel Maltesers,Chocolates & Sweets,0.926,0.915,0.862
Single Piece KitKat,Chocolates & Sweets,1.270,1.239,1.264
With Caramel Galaxy,Chocolates & Sweets,1.050,1.008,0.995
With Caramel Bounty,Chocolates & Sweets,0.464,0.444,0.454
Mini Bag Toblerone,Chocolates & Sweets,0.743,0.712,0.716
Medium Bar M&Ms,Chocolates & Sweets,1.028,0.989,0.932
Medium Bar Mars,Chocolates & Sweets,0.771,0.736,0.771
With Caramel Kinder,Chocolates & Sweets,0.731,0.704,0.663
Large Bar Toblerone,Chocolates & Sweets,0.390,0.392,0.375
Double Fingers Bounty,Chocolates & Sweets,0.459,0.445,0.423
Mini Bag Bounty,Chocolates & Sweets,0.862,0.848,0.787
Large Bar Bounty,Chocolates & Sweets,0.646,0.635,0.635
Single Piece Twix,Chocolates & Sweets,1.451,1.407,1.325
Single Piece Twix,Chocolates & Sweets,1.217,1.213,1.178
Double Fingers Kinder,Chocolates & Sweets,0.986,0.962,0.970
Chocolate Balls Twix,Chocolates & Sweets,1.232,1.265,1.169
Regular Fingers Mars,Chocolates & Sweets,0.890,0.878,0.876
Chocolate Balls Cadbury,Chocolates & Sweets,0.809,0.778,0.754
Medium Bar Toblerone,Chocolates & Sweets,0.793,0.777,0.745
Milk Chocolate Galaxy,Chocolates & Sweets,1.210,1.236,1.205
With Hazelnut KitKat,Chocolates & Sweets,0.576,0.579,0.544
Milk Chocolate KitKat,Chocolates & Sweets,1.406,1.364,1.375
Double Fingers Toblerone,Chocolates & Sweets,1.040,1.062,1.002
Double Fingers KitKat,Chocolates & Sweets,0.850,0.818,0.828
Double Fingers KitKat,Chocolates & Sweets,1.068,1.018,0.970
Regular Fingers M&Ms,Chocolates & Sweets,0.247,0.236,0.223
Mini Bag Twix,Chocolates & Sweets,1.146,1.121,1.065
Mini Bag M&Ms,Chocolates & Sweets,1.196,1.199,1.099
Milk Chocolate M&Ms,Chocolates & Sweets,0.283,0.284,0.276
Single Piece Maltesers,Chocolates & Sweets,0.262,0.260,0.259
With Hazelnut Kinder,Chocolates & Sweets,0.993,0.974,0.914
Mini Bag KitKat,Chocolates & Sweets,0.980,0.992,0.945
Double Fingers Maltesers,Chocolates & Sweets,0.207,0.213,0.203
With Hazelnut Toblerone,Chocolates & Sweets,0.304,0.301,0.302
Medium Bar Toblerone,Chocolates & Sweets,0.323,0.316,0.321
With Caramel Cadbury,Chocolates & Sweets,0.652,0.642,0.615
Medium Bar Flake,Chocolates & Sweets,1.423,1.379,1.298
Regular Fingers Mars,Chocolates & Sweets,1.022,0.994,1.003
Double Fingers Cadbury,Chocolates & Sweets,1.293,1.323,1.196
With Hazelnut Twix,Chocolates & Sweets,1.160,1.154,1.065
Single Piece M&Ms,Chocolates & Sweets,1.167,1.134,1.113
Medium Bar Snickers,Chocolates & Sweets,0.328,0.331,0.322
Double Fingers Mars,Chocolates & Sweets,1.285,1.296,1.226
With Hazelnut KitKat,Chocolates & Sweets,0.976,0.935,0.893
With Caramel Cadbury,Chocolates & Sweets,1.178,1.134,1.115
Regular Fingers Kinder,Chocolates & Sweets,1.151,1.175,1.068
Milk Chocolate Mars,Chocolates & Sweets,1.038,1.012,1.011
Medium Bar Cadbury,Chocolates & Sweets,0.630,0.638,0.602
Milk Chocolate Galaxy,Chocolates & Sweets,1.177,1.121,1.147
Medium Bar Flake,Chocolates & Sweets,1.174,1.179,1.145
Single Piece Cadbury,Chocolates & Sweets,1.333,1.373,1.249
Mini Bag Bounty,Chocolates & Sweets,1.204,1.165,1.100
Chocolate Balls Galaxy,Chocolates & Sweets,0.153,0.148,0.138
With Caramel Bounty,Chocolates & Sweets,0.673,0.661,0.665
With Hazelnut Mars,Chocolates & Sweets,0.291,0.282,0.282
With Hazelnut Kinder,Chocolates & Sweets,1.063,1.078,0.985
Large Bar Toblerone,Chocolates & Sweets,0.823,0.787,0.746
Milk Chocolate Toblerone,Chocolates & Sweets,1.105,1.119,1.052
Double Fingers Bounty,Chocolates & Sweets,1.143,1.107,1.071
With Caramel KitKat,Chocolates & Sweets,1.410,1.412,1.328
Mini Bag Bounty,Chocolates & Sweets,1.211,1.162,1.140
Double Fingers Toblerone,Chocolates & Sweets,0.922,0.919,0.847
Medium Bar Maltesers,Chocolates & Sweets,0.373,0.375,0.358
Single Piece Galaxy,Chocolates & Sweets,0.849,0.827,0.844
Large Bar Maltesers,Chocolates & Sweets,0.730,0.744,0.718
Mini Bag Twix,Chocolates & Sweets,1.234,1.218,1.170
Milk Chocolate Galaxy,Chocolates & Sweets,0.259,0.261,0.246
With Hazelnut KitKat,Chocolates & Sweets,1.135,1.148,1.040
With Caramel Toblerone,Chocolates & Sweets,1.164,1.167,1.159
Milk Chocolate Kinder,Chocolates & Sweets,0.531,0.516,0.491
With Hazelnut Toblerone,Chocolates & Sweets,1.466,1.436,1.382
Single Piece Flake,Chocolates & Sweets,0.238,0.235,0.215
Medium Bar Bounty,Chocolates & Sweets,1.374,1.321,1.310
Double Fingers KitKat,Chocolates & Sweets,0.267,0.259,0.260
Mini Bag M&Ms,Chocolates & Sweets,0.323,0.330,0.303
With Hazelnut Maltesers,Chocolates & Sweets,0.501,0.505,0.500
Chocolate Balls Snickers,Chocolates & Sweets,1.033,0.998,0.988
Large Bar Mars,Chocolates & Sweets,1.462,1.460,1.367
Regular Fingers Flake,Chocolates & Sweets,0.354,0.343,0.327
Single Piece Cadbury,Chocolates & Sweets,0.908,0.901,0.828
Milk Chocolate Snickers,Chocolates & Sweets,0.882,0.894,0.842
Single Piece Snickers,Chocolates & Sweets,0.455,0.463,0.429
Medium Bar Twix,Chocolates & Sweets,1.047,1.013,0.953
Double Fingers Mars,Chocolates & Sweets,0.886,0.846,0.843
Milk Chocolate Toblerone,Chocolates & Sweets,1.470,1.490,1.396
Chocolate Balls Cadbury,Chocolates & Sweets,0.372,0.363,0.363
With Hazelnut Galaxy,Chocolates & Sweets,0.320,0.321,0.293
With Caramel M&Ms,Chocolates & Sweets,0.906,0.915,0.866
With Caramel Snickers,Chocolates & Sweets,0.277,0.271,0.257
Mini Bag Maltesers,Chocolates & Sweets,1.228,1.203,1.161
Medium Bar M&Ms,Chocolates & Sweets,0.276,0.272,0.254
Milk Chocolate Toblerone,Chocolates & Sweets,0.277,0.271,0.270
Chocolate Balls Twix,Chocolates & Sweets,0.572,0.573,0.526
Medium Bar Kinder,Chocolates & Sweets,0.363,0.365,0.355
Large Bar Cadbury,Chocolates & Sweets,0.640,0.654,0.587
Regular Fingers Galaxy,Chocolates & Sweets,0.957,0.912,0.896
Chocolate Balls Toblerone,Chocolates & Sweets,0.744,0.743,0.676
Double Fingers Flake,Chocolates & Sweets,1.456,1.432,1.454
Medium Bar Twix,Chocolates & Sweets,0.374,0.382,0.353
Chocolate Balls Cadbury,Chocolates & Sweets,0.906,0.899,0.881
Milk Chocolate Snickers,Chocolates & Sweets,0.257,0.259,0.236
Mini Bag Flake,Chocolates & Sweets,1.390,1.333,1.357
Medium Bar Flake,Chocolates & Sweets,1.259,1.242,1.178
Single Piece Snickers,Chocolates & Sweets,1.268,1.239,1.163
With Hazelnut Twix,Chocolates & Sweets,0.268,0.270,0.252
With Caramel Snickers,Chocolates & Sweets,1.149,1.109,1.105
Single Piece Cadbury,Chocolates & Sweets,1.146,1.163,1.128
Large Bar M&Ms,Chocolates & Sweets,0.192,0.194,0.175
With Hazelnut Mars,Chocolates & Sweets,0.155,0.156,0.142
Regular Fingers Bounty,Chocolates & Sweets,1.280,1.245,1.234
Milk Chocolate Bounty,Chocolates & Sweets,0.842,0.820,0.776
With Caramel Mars,Chocolates & Sweets,0.560,0.561,0.557
Regular Fingers Toblerone,Chocolates & Sweets,1.184,1.199,1.144
Large Bar Snickers,Chocolates & Sweets,1.375,1.380,1.315
Medium Bar M&Ms,Chocolates & Sweets,0.754,0.744,0.744
Large Bar Kinder,Chocolates & Sweets,0.707,0.717,0.670
With Caramel KitKat,Chocolates & Sweets,0.719,0.685,0.717
With Caramel Galaxy,Chocolates & Sweets,0.544,0.556,0.531
Mini Bag Flake,Chocolates & Sweets,1.475,1.475,1.410
Double Fingers Toblerone,Chocolates & Sweets,0.869,0.870,0.821
Single Piece Kinder,Chocolates & Sweets,0.312,0.298,0.289
Regular Fingers Flake,Chocolates & Sweets,0.783,0.763,0.752
With Caramel Mars,Chocolates & Sweets,0.555,0.560,0.502
With Hazelnut Bounty,Chocolates & Sweets,1.334,1.303,1.246
Double Fingers Kinder,Chocolates & Sweets,0.867,0.882,0.805
Large Bar Toblerone,Chocolates & Sweets,0.511,0.518,0.489
Chocolate Balls Twix,Chocolates & Sweets,0.491,0.475,0.466
With Caramel Twix,Chocolates & Sweets,1.378,1.383,1.354
Regular Fingers Kinder,Chocolates & Sweets,0.184,0.185,0.167
With Caramel Galaxy,Chocolates & Sweets,0.610,0.588,0.559
Large Bar Twix,Chocolates & Sweets,0.751,0.761,0.724
Double Fingers Cadbury,Chocolates & Sweets,0.328,0.318,0.321
Single Piece Mars,Chocolates & Sweets,0.505,0.491,0.478
Regular Fingers Flake,Chocolates & Sweets,0.513,0.504,0.507
Regular Fingers Snickers,Chocolates & Sweets,0.204,0.204,0.202
Milk Chocolate Mars,Chocolates & Sweets,1.462,1.428,1.386
Large Bar Kinder,Chocolates & Sweets,0.754,0.745,0.723
Regular Fingers Galaxy,Chocolates & Sweets,0.160,0.155,0.145
Regular Fingers Toblerone,Chocolates & Sweets,0.607,0.616,0.581
Single Piece Maltesers,Chocolates & Sweets,1.408,1.382,1.279
Regular Fingers Flake,Chocolates & Sweets,0.304,0.297,0.289
Double Fingers Flake,Chocolates & Sweets,0.816,0.821,0.815
With Hazelnut KitKat,Chocolates & Sweets,0.719,0.707,0.712
Regular Fingers Twix,Chocolates & Sweets,1.262,1.295,1.239
With Caramel Kinder,Chocolates & Sweets,1.009,0.963,0.934
Regular Fingers Cadbury,Chocolates & Sweets,0.965,0.970,0.880
Mini Bag KitKat,Chocolates & Sweets,0.648,0.622,0.610
Regular Fingers Bounty,Chocolates & Sweets,0.246,0.235,0.230
Medium Bar Cadbury,Chocolates & Sweets,1.053,1.058,0.986
Milk Chocolate M&Ms,Chocolates & Sweets,0.828,0.796,0.755
Large Bar Cadbury,Chocolates & Sweets,1.127,1.082,1.116
Large Bar Galaxy,Chocolates & Sweets,0.871,0.837,0.785
Large Bar Toblerone,Chocolates & Sweets,0.756,0.723,0.711
Chocolate Balls Twix,Chocolates & Sweets,1.241,1.200,1.175
With Caramel Kinder,Chocolates & Sweets,0.241,0.236,0.237
Large Bar Bounty,Chocolates & Sweets,0.255,0.253,0.251
Medium Bar Toblerone,Chocolates & Sweets,0.669,0.660,0.641
Double Fingers Flake,Chocolates & Sweets,0.580,0.578,0.544
Single Piece Flake,Chocolates & Sweets,1.103,1.109,1.034
Chocolate Balls Kinder,Chocolates & Sweets,1.022,0.975,0.998
Large Bar Bounty,Chocolates & Sweets,0.184,0.184,0.177
Regular Fingers M&Ms,Chocolates & Sweets,0.287,0.292,0.274
With Hazelnut Bounty,Chocolates & Sweets,1.484,1.464,1.438
Chocolate Balls Snickers,Chocolates & Sweets,0.458,0.471,0.437
Milk Chocolate Bounty,Chocolates & Sweets,0.203,0.193,0.191
Large Bar Maltesers,Chocolates & Sweets,0.182,0.184,0.172
Chocolate Balls Maltesers,Chocolates & Sweets,1.278,1.252,1.198
Double Fingers Mars,Chocolates & Sweets,0.750,0.772,0.716
Mini Bag M&Ms,Chocolates & Sweets,0.192,0.197,0.188
Chocolate Balls Twix,Chocolates & Sweets,0.795,0.789,0.729
Double Fingers Twix,Chocolates & Sweets,0.745,0.726,0.690
Milk Chocolate Mars,Chocolates & Sweets,0.228,0.223,0.211
Double Fingers Toblerone,Chocolates & Sweets,0.886,0.853,0.849
Medium Bar Mars,Chocolates & Sweets,0.810,0.796,0.810
Medium Bar Toblerone,Chocolates & Sweets,0.992,0.988,0.954
Double Fingers Twix,Chocolates & Sweets,0.683,0.651,0.647
Single Piece Bounty,Chocolates & Sweets,0.457,0.469,0.453
Single Piece M&Ms,Chocolates & Sweets,0.870,0.887,0.794
Double Fingers M&Ms,Chocolates & Sweets,0.319,0.323,0.296
Single Piece Maltesers,Chocolates & Sweets,0.351,0.346,0.350
Mini Bag Toblerone,Chocolates & Sweets,1.316,1.312,1.234
Regular Fingers Galaxy,Chocolates & Sweets,0.910,0.897,0.874
Large Bar Flake,Chocolates & Sweets,0.929,0.947,0.927
Large Bar Snickers,Chocolates & Sweets,0.963,0.960,0.944
With Caramel Mars,Chocolates & Sweets,0.230,0.219,0.222
With Hazelnut KitKat,Chocolates & Sweets,0.234,0.239,0.221
Medium Bar Cadbury,Chocolates & Sweets,0.794,0.798,0.772
Milk Chocolate Galaxy,Chocolates & Sweets,0.331,0.322,0.310
With Caramel Snickers,Chocolates & Sweets,0.526,0.509,0.524
Large Bar Mars,Chocolates & Sweets,0.421,0.433,0.383
Large Bar Cadbury,Chocolates & Sweets,1.146,1.165,1.116
With Hazelnut Twix,Chocolates & Sweets,1.415,1.437,1.388
Mini Bag KitKat,Chocolates & Sweets,1.095,1.049,1.029
Mini Bag Snickers,Chocolates & Sweets,0.700,0.669,0.654
Medium Bar Mars,Chocolates & Sweets,0.158,0.151,0.156
With Hazelnut Snickers,Chocolates & Sweets,0.302,0.307,0.279
Medium Bar Galaxy,Chocolates & Sweets,0.248,0.244,0.231
Medium Bar Toblerone,Chocolates & Sweets,0.529,0.537,0.525
Single Piece Cadbury,Chocolates & Sweets,0.584,0.577,0.539
Chocolate Balls Flake,Chocolates & Sweets,0.195,0.189,0.184
Single Piece Flake,Chocolates & Sweets,0.404,0.407,0.399
Milk Chocolate Maltesers,Chocolates & Sweets,1.259,1.252,1.213
Medium Bar Snickers,Chocolates & Sweets,1.114,1.132,1.092
Mini Bag Galaxy,Chocolates & Sweets,0.343,0.347,0.318
Medium Bar Cadbury,Chocolates & Sweets,0.331,0.331,0.300
Regular Fingers Toblerone,Chocolates & Sweets,0.579,0.550,0.551
Medium Bar Maltesers,Chocolates & Sweets,0.523,0.526,0.474
With Hazelnut Snickers,Chocolates & Sweets,0.155,0.150,0.151
With Caramel Toblerone,Chocolates & Sweets,0.636,0.618,0.626
Mini Bag Toblerone,Chocolates & Sweets,1.215,1.241,1.146
Single Piece KitKat,Chocolates & Sweets,0.659,0.677,0.599
Double Fingers Maltesers,Chocolates & Sweets,0.817,0.801,0.787
Double Fingers Kinder,Chocolates & Sweets,0.156,0.150,0.152
Regular Fingers Twix,Chocolates & Sweets,0.526,0.505,0.509
With Caramel Flake,Chocolates & Sweets,0.292,0.296,0.282
Regular Fingers Maltesers,Chocolates & Sweets,0.636,0.653,0.604
Large Bar Flake,Chocolates & Sweets,0.768,0.742,0.720
With Caramel Toblerone,Chocolates & Sweets,0.221,0.224,0.208
Medium Bar Bounty,Chocolates & Sweets,0.436,0.437,0.413
Single Piece Kinder,Chocolates & Sweets,0.441,0.443,0.424
With Caramel Snickers,Chocolates & Sweets,0.334,0.335,0.325
Single Piece Toblerone,Chocolates & Sweets,1.021,1.002,0.992
Regular Fingers Galaxy,Chocolates & Sweets,1.352,1.315,1.267
Regular Fingers Flake,Chocolates & Sweets,0.301,0.298,0.279
Milk Chocolate Twix,Chocolates & Sweets,0.170,0.167,0.159
Regular Fingers Galaxy,Chocolates & Sweets,0.318,0.313,0.302
Regular Fingers Galaxy,Chocolates & Sweets,1.373,1.334,1.335
Cardamom Digestive,Biscuits & Cookies,0.194,0.190,0.189
Choco Cream Loacker,Biscuits & Cookies,0.697,0.717,0.636
Cheese Pascal,Biscuits & Cookies,0.959,0.973,0.875
Chocolate Coated Ulker,Biscuits & Cookies,0.168,0.164,0.164
Chocolate Coated Tim Tam,Biscuits & Cookies,0.516,0.506,0.464
Sesame Destiny,Biscuits & Cookies,0.829,0.852,0.816
Small Size Digestive,Biscuits & Cookies,0.972,0.984,0.919
Cardamom Ulker,Biscuits & Cookies,1.094,1.101,1.087
Chocolate Coated McVitie's,Biscuits & Cookies,0.855,0.852,0.854
Sesame Loacker,Biscuits & Cookies,0.707,0.708,0.682
Dates Mix,Biscuits & Cookies,0.534,0.517,0.491
Family Pack Tim Tam,Biscuits & Cookies,0.804,0.814,0.770
Sesame Destiny,Biscuits & Cookies,0.704,0.720,0.645
Choco Cream Destiny,Biscuits & Cookies,0.512,0.524,0.476
Family Pack Mix,Biscuits & Cookies,1.085,1.092,0.983
Vanilla Oreo,Biscuits & Cookies,0.158,0.158,0.149
Choco Cream Ulker,Biscuits & Cookies,1.156,1.147,1.068
Sesame Tim Tam,Biscuits & Cookies,1.160,1.160,1.152
Cheese McVitie's,Biscuits & Cookies,0.339,0.334,0.324
Small Size Ulker,Biscuits & Cookies,0.370,0.353,0.364
Vanilla Destiny,Biscuits & Cookies,1.046,1.014,1.042
Plain Marie,Biscuits & Cookies,0.673,0.661,0.670
Sesame Digestive,Biscuits & Cookies,0.609,0.607,0.553
Vanilla Ulker,Biscuits & Cookies,1.180,1.139,1.156
Vanilla Destiny,Biscuits & Cookies,0.883,0.867,0.879
Chocolate Coated McVitie's,Biscuits & Cookies,0.562,0.572,0.549
Choco Cream Marie,Biscuits & Cookies,0.631,0.639,0.628
Dates McVitie's,Biscuits & Cookies,1.048,1.046,1.031
Sesame Marie,Biscuits & Cookies,0.546,0.543,0.535
Small Size Pascal,Biscuits & Cookies,0.998,0.962,0.950
Dates Destiny,Biscuits & Cookies,0.600,0.571,0.569
Cardamom Tim Tam,Biscuits & Cookies,0.453,0.445,0.449
Choco Cream Ritz,Biscuits & Cookies,0.197,0.199,0.185
Cardamom Marie,Biscuits & Cookies,0.942,0.964,0.937
Cheese Destiny,Biscuits & Cookies,0.525,0.532,0.486
Sesame Marie,Biscuits & Cookies,0.527,0.528,0.487
Cheese Tim Tam,Biscuits & Cookies,1.114,1.067,1.059
Family Pack Destiny,Biscuits & Cookies,0.191,0.182,0.175
Small Size McVitie's,Biscuits & Cookies,0.447,0.459,0.428
Small Size Destiny,Biscuits & Cookies,0.759,0.752,0.741
Chocolate Coated Ritz,Biscuits & Cookies,1.089,1.117,1.077
Cardamom Pascal,Biscuits & Cookies,1.014,1.035,0.968
Family Pack Parle,Biscuits & Cookies,0.460,0.459,0.416
Cardamom Digestive,Biscuits & Cookies,0.460,0.469,0.435
Small Size Parle,Biscuits & Cookies,0.200,0.202,0.195
Cheese Parle,Biscuits & Cookies,1.016,1.007,0.961
Small Size Pascal,Biscuits & Cookies,0.455,0.466,0.427
Family Pack Pascal,Biscuits & Cookies,0.150,0.147,0.143
Family Pack Pascal,Biscuits & Cookies,1.172,1.135,1.090
Plain Marie,Biscuits & Cookies,1.077,1.028,0.990
Dates Mix,Biscuits & Cookies,0.918,0.919,0.864
Cheese Loacker,Biscuits & Cookies,0.468,0.457,0.455
Plain Destiny,Biscuits & Cookies,0.341,0.334,0.338
Cardamom Ulker,Biscuits & Cookies,1.184,1.196,1.112
Small Size Pascal,Biscuits & Cookies,0.844,0.807,0.806
Vanilla Tim Tam,Biscuits & Cookies,0.970,0.967,0.965
Dates Tim Tam,Biscuits & Cookies,0.429,0.428,0.399
Sesame Digestive,Biscuits & Cookies,0.738,0.747,0.716
Cardamom Ritz,Biscuits & Cookies,1.171,1.154,1.073
Dates Loacker,Biscuits & Cookies,1.117,1.123,1.087
Choco Cream Digestive,Biscuits & Cookies,0.182,0.174,0.166
Dates Ulker,Biscuits & Cookies,0.848,0.816,0.773
Chocolate Coated Oreo,Biscuits & Cookies,0.727,0.709,0.689
Cardamom Marie,Biscuits & Cookies,0.554,0.527,0.545
Cheese Parle,Biscuits & Cookies,0.797,0.811,0.725
Plain Parle,Biscuits & Cookies,0.892,0.886,0.851
Choco Cream Pascal,Biscuits & Cookies,0.474,0.469,0.432
Plain Ritz,Biscuits & Cookies,0.566,0.544,0.558
Cardamom Marie,Biscuits & Cookies,0.806,0.786,0.791
Sesame Digestive,Biscuits & Cookies,0.224,0.218,0.223
Chocolate Coated McVitie's,Biscuits & Cookies,1.101,1.047,1.065
Choco Cream Mix,Biscuits & Cookies,0.726,0.706,0.676
Choco Cream Destiny,Biscuits & Cookies,1.132,1.114,1.118
Dates Pascal,Biscuits & Cookies,0.409,0.400,0.372
Plain Digestive,Biscuits & Cookies,0.861,0.823,0.793
Cardamom Loacker,Biscuits & Cookies,1.181,1.196,1.150
Chocolate Coated Loacker,Biscuits & Cookies,0.589,0.595,0.536
Vanilla Parle,Biscuits & Cookies,1.138,1.164,1.026
Choco Cream Tim Tam,Biscuits & Cookies,0.258,0.256,0.257
Sesame Digestive,Biscuits & Cookies,0.349,0.348,0.321
Chocolate Coated Oreo,Biscuits & Cookies,0.427,0.413,0.405
Small Size McVitie's,Biscuits & Cookies,0.840,0.863,0.807
Dates Loacker,Biscuits & Cookies,0.222,0.219,0.215
Cardamom Ritz,Biscuits & Cookies,0.247,0.246,0.238
Plain Ulker,Biscuits & Cookies,0.542,0.539,0.512
Family Pack Ulker,Biscuits & Cookies,0.702,0.681,0.632
Choco Cream Marie,Biscuits & Cookies,0.273,0.269,0.262
Dates Destiny,Biscuits & Cookies,1.136,1.080,1.110
Vanilla Marie,Biscuits & Cookies,0.542,0.517,0.522
Chocolate Coated Marie,Biscuits & Cookies,0.416,0.410,0.414
Family Pack Marie,Biscuits & Cookies,1.032,0.996,0.998
Choco Cream Ulker,Biscuits & Cookies,0.673,0.679,0.628
Sesame Marie,Biscuits & Cookies,1.110,1.093,1.028
Family Pack Destiny,Biscuits & Cookies,0.610,0.628,0.563
Family Pack Destiny,Biscuits & Cookies,0.854,0.859,0.786
Choco Cream Loacker,Biscuits & Cookies,1.009,0.963,1.000
Family Pack Oreo,Biscuits & Cookies,0.167,0.160,0.166
Vanilla Destiny,Biscuits & Cookies,0.919,0.918,0.889
Chocolate Coated McVitie's,Biscuits & Cookies,1.030,1.045,1.012
Small Size Destiny,Biscuits & Cookies,0.360,0.360,0.351
Small Size Parle,Biscuits & Cookies,0.222,0.217,0.220
Family Pack Ulker,Biscuits & Cookies,0.500,0.510,0.496
Family Pack Pascal,Biscuits & Cookies,0.187,0.189,0.176
Dates Tim Tam,Biscuits & Cookies,0.599,0.590,0.578
Vanilla Pascal,Biscuits & Cookies,1.016,0.989,0.960
Cardamom Digestive,Biscuits & Cookies,0.770,0.757,0.729
Cardamom Parle,Biscuits & Cookies,0.371,0.361,0.360
Vanilla Ulker,Biscuits & Cookies,0.579,0.593,0.528
Choco Cream Pascal,Biscuits & Cookies,0.345,0.346,0.341
Plain Marie,Biscuits & Cookies,0.266,0.259,0.248
Small Size Mix,Biscuits & Cookies,0.731,0.709,0.712
Cardamom Tim Tam,Biscuits & Cookies,1.066,1.083,0.982
Sesame Loacker,Biscuits & Cookies,0.493,0.482,0.469
Choco Cream Loacker,Biscuits & Cookies,0.485,0.496,0.440
Chocolate Coated Ritz,Biscuits & Cookies,0.354,0.361,0.343
Chocolate Coated Oreo,Biscuits & Cookies,0.635,0.624,0.572
Sesame Digestive,Biscuits & Cookies,0.582,0.587,0.546
Choco Cream Loacker,Biscuits & Cookies,0.928,0.946,0.885
Vanilla Mix,Biscuits & Cookies,0.462,0.459,0.432
Cheese Destiny,Biscuits & Cookies,1.076,1.033,1.037
Cardamom Ritz,Biscuits & Cookies,0.274,0.265,0.255
Chocolate Coated Loacker,Biscuits & Cookies,0.406,0.394,0.379
Small Size Mix,Biscuits & Cookies,0.797,0.793,0.750
Plain Oreo,Biscuits & Cookies,0.863,0.848,0.842
Vanilla McVitie's,Biscuits & Cookies,0.583,0.594,0.562
Sesame Oreo,Biscuits & Cookies,0.273,0.267,0.250
Choco Cream Tim Tam,Biscuits & Cookies,0.367,0.360,0.363
Cheese Loacker,Biscuits & Cookies,0.683,0.672,0.616
Family Pack Oreo,Biscuits & Cookies,0.857,0.842,0.847
Cheese Destiny,Biscuits & Cookies,0.416,0.396,0.404
Small Size Parle,Biscuits & Cookies,1.028,1.044,1.012
Plain Ritz,Biscuits & Cookies,0.450,0.447,0.428
Vanilla Ritz,Biscuits & Cookies,0.575,0.569,0.518
Small Size Digestive,Biscuits & Cookies,0.166,0.161,0.153
Dates Parle,Biscuits & Cookies,0.653,0.630,0.636
Cardamom Mix,Biscuits & Cookies,0.831,0.794,0.779
Cardamom Ulker,Biscuits & Cookies,1.197,1.191,1.116
Plain Ritz,Biscuits & Cookies,0.518,0.508,0.470
Cardamom Marie,Biscuits & Cookies,0.198,0.194,0.197
Vanilla Destiny,Biscuits & Cookies,0.845,0.835,0.761
Vanilla Mix,Biscuits & Cookies,0.961,0.955,0.871
Family Pack Parle,Biscuits & Cookies,0.763,0.773,0.744
Cheese Loacker,Biscuits & Cookies,0.946,0.900,0.871
Chocolate Coated Mix,Biscuits & Cookies,0.846,0.827,0.794
Choco Cream Tim Tam,Biscuits & Cookies,0.421,0.420,0.397
Cardamom Tim Tam,Biscuits & Cookies,1.045,1.038,1.020
Cheese Mix,Biscuits & Cookies,0.586,0.590,0.550
Family Pack Parle,Biscuits & Cookies,0.404,0.391,0.381
Cheese Mix,Biscuits & Cookies,0.682,0.658,0.619
Vanilla McVitie's,Biscuits & Cookies,0.552,0.561,0.533
Dates Oreo,Biscuits & Cookies,0.710,0.711,0.692
Sesame Oreo,Biscuits & Cookies,0.879,0.850,0.843
Cheese Ulker,Biscuits & Cookies,0.845,0.858,0.826
Chocolate Coated Loacker,Biscuits & Cookies,0.347,0.332,0.337
Choco Cream Mix,Biscuits & Cookies,0.604,0.575,0.559
Sesame Ulker,Biscuits & Cookies,1.083,1.100,1.043
Dates McVitie's,Biscuits & Cookies,0.600,0.580,0.571
Small Size Loacker,Biscuits & Cookies,0.850,0.814,0.829
Dates Oreo,Biscuits & Cookies,0.892,0.916,0.877
Cheese Mix,Biscuits & Cookies,0.156,0.154,0.149
Plain Oreo,Biscuits & Cookies,0.174,0.170,0.170
Sesame Destiny,Biscuits & Cookies,0.394,0.375,0.385
Choco Cream McVitie's,Biscuits & Cookies,0.950,0.905,0.935
Cheese Destiny,Biscuits & Cookies,0.742,0.742,0.732
Plain Tim Tam,Biscuits & Cookies,0.760,0.782,0.742
Vanilla Destiny,Biscuits & Cookies,0.893,0.876,0.824
Chocolate Coated Ritz,Biscuits & Cookies,1.125,1.152,1.051
Sesame Pascal,Biscuits & Cookies,1.195,1.229,1.153
Cheese Oreo,Biscuits & Cookies,0.901,0.899,0.816
Vanilla Destiny,Biscuits & Cookies,0.531,0.541,0.484
Sesame Destiny,Biscuits & Cookies,0.813,0.776,0.784
Family Pack Digestive,Biscuits & Cookies,0.223,0.222,0.217
Cardamom Loacker,Biscuits & Cookies,0.585,0.565,0.529
Choco Cream McVitie's,Biscuits & Cookies,1.029,0.992,0.928
Chocolate Coated Oreo,Biscuits & Cookies,0.330,0.325,0.312
Dates Marie,Biscuits & Cookies,0.713,0.705,0.670
Sesame McVitie's,Biscuits & Cookies,1.025,1.026,0.931
Small Size Destiny,Biscuits & Cookies,0.250,0.249,0.243
Cheese Parle,Biscuits & Cookies,0.239,0.239,0.236
Chocolate Coated Destiny,Biscuits & Cookies,0.677,0.696,0.656
Sesame Destiny,Biscuits & Cookies,0.990,1.011,0.903
Cardamom Ritz,Biscuits & Cookies,0.377,0.379,0.362
Small Size Digestive,Biscuits & Cookies,1.138,1.152,1.039
Chocolate Coated Mix,Biscuits & Cookies,0.607,0.596,0.587
Plain Tim Tam,Biscuits & Cookies,0.729,0.739,0.686
Vanilla Tim Tam,Biscuits & Cookies,0.649,0.619,0.645
Sesame Marie,Biscuits & Cookies,0.706,0.726,0.647
Small Size Parle,Biscuits & Cookies,0.159,0.153,0.146
Small Size Parle,Biscuits & Cookies,0.286,0.278,0.268
Sesame Marie,Biscuits & Cookies,0.329,0.336,0.322
Small Size Ulker,Biscuits & Cookies,0.313,0.299,0.297
Sesame Loacker,Biscuits & Cookies,0.652,0.660,0.607
Plain Parle,Biscuits & Cookies,0.153,0.147,0.151
Chocolate Coated Oreo,Biscuits & Cookies,1.183,1.161,1.149
Small Size Pascal,Biscuits & Cookies,0.532,0.514,0.497
Plain McVitie's,Biscuits & Cookies,1.191,1.195,1.096
Chocolate Coated Loacker,Biscuits & Cookies,0.741,0.749,0.737
Sesame Tim Tam,Biscuits & Cookies,0.664,0.670,0.630
Dates Mix,Biscuits & Cookies,1.030,1.008,1.016
Chocolate Coated McVitie's,Biscuits & Cookies,0.883,0.868,0.840
Fresh Cream 100g Nada,Dairy & Cheese,2.241,2.276,2.131
Turkish Labneh 400g Amoo,Dairy & Cheese,1.301,1.303,1.201
Greek Yogurt 150g Al Ain,Dairy & Cheese,1.025,1.028,0.937
Greek Yogurt 150g Pinar,Dairy & Cheese,0.585,0.569,0.539
Low Fat Milk 1L Pinar,Dairy & Cheese,2.272,2.268,2.176
Greek Yogurt 150g Al Ain,Dairy & Cheese,1.022,1.035,0.946
Chocolate Milk 180ml President,Dairy & Cheese,2.251,2.199,2.190
Unsalted Butter 100g Danone,Dairy & Cheese,2.473,2.354,2.288
Triangle Cheese 8s Danone,Dairy & Cheese,1.377,1.373,1.343
Low Fat Milk 1L President,Dairy & Cheese,0.276,0.271,0.255
Full Cream Milk 1L Tatweej,Dairy & Cheese,1.453,1.404,1.350
Low Fat Milk 1L Nada,Dairy & Cheese,2.379,2.440,2.286
Triangle Cheese 8s Kraft,Dairy & Cheese,1.997,1.991,1.799
Jar Cheese 500g Amul,Dairy & Cheese,1.801,1.800,1.758
Unsalted Butter 100g Almarai,Dairy & Cheese,2.499,2.528,2.349
Fresh Cream 100g Nadec,Dairy & Cheese,1.735,1.754,1.569
Greek Yogurt 150g Almarai,Dairy & Cheese,0.683,0.685,0.647
Ayran Laban 250ml Amul,Dairy & Cheese,0.268,0.255,0.256
Jar Cheese 500g Tatweej,Dairy & Cheese,2.122,2.043,1.915
Jar Cheese 500g Nadec,Dairy & Cheese,0.940,0.928,0.919
Jar Cheese 500g Amoo,Dairy & Cheese,0.594,0.608,0.576
Greek Yogurt 150g Kraft,Dairy & Cheese,0.620,0.592,0.593
Full Cream Milk 1L Almarai,Dairy & Cheese,0.707,0.710,0.676
Greek Yogurt 150g Al Ain,Dairy & Cheese,1.060,1.013,0.956
Fresh Laban 500ml Al Diwan,Dairy & Cheese,0.356,0.346,0.335
Full Cream Milk 1L Nada,Dairy & Cheese,0.931,0.906,0.842
Turkish Labneh 400g Al Ain,Dairy & Cheese,1.554,1.558,1.428
Low Fat Milk 1L Amul,Dairy & Cheese,1.606,1.603,1.527
Triangle Cheese 8s Pinar,Dairy & Cheese,2.295,2.243,2.170
Full Cream Milk 1L President,Dairy & Cheese,1.810,1.810,1.808
Turkish Labneh 400g President,Dairy & Cheese,0.949,0.908,0.896
Triangle Cheese 8s Almarai,Dairy & Cheese,0.957,0.973,0.951
Greek Yogurt 150g Nada,Dairy & Cheese,1.025,1.050,0.929
Greek Yogurt 150g Amoo,Dairy & Cheese,1.549,1.490,1.544
Low Fat Milk 1L Amoo,Dairy & Cheese,0.595,0.565,0.539
Triangle Cheese 8s Amoo,Dairy & Cheese,1.672,1.625,1.534
Ayran Laban 250ml Nada,Dairy & Cheese,0.420,0.431,0.411
Turkish Labneh 400g Al Diwan,Dairy & Cheese,2.183,2.117,2.121
Low Fat Milk 1L Al Ain,Dairy & Cheese,2.255,2.306,2.100
Full Cream Milk 1L Al Ain,Dairy & Cheese,1.184,1.194,1.177
Jar Cheese 500g Danone,Dairy & Cheese,2.178,2.212,1.998
Strawberry Milk 180ml Almarai,Dairy & Cheese,0.827,0.818,0.769
Unsalted Butter 100g Tatweej,Dairy & Cheese,1.636,1.631,1.536
Full Cream Milk 1L Pinar,Dairy & Cheese,0.256,0.248,0.231
Low Fat Milk 1L Kraft,Dairy & Cheese,0.399,0.407,0.380
Greek Yogurt 150g Al Diwan,Dairy & Cheese,1.089,1.063,0.981
Sandwich Cheese Slices Al Ain,Dairy & Cheese,2.032,1.947,1.946
Ayran Laban 250ml Al Ain,Dairy & Cheese,0.429,0.441,0.395
Sandwich Cheese Slices Amoo,Dairy & Cheese,1.548,1.562,1.398
Turkish Labneh 400g Kraft,Dairy & Cheese,0.674,0.687,0.660
Fresh Cream 100g Nada,Dairy & Cheese,0.729,0.717,0.714
Triangle Cheese 8s Al Ain,Dairy & Cheese,1.163,1.137,1.053
Jar Cheese 500g Tatweej,Dairy & Cheese,1.776,1.752,1.639
Full Cream Milk 1L Almarai,Dairy & Cheese,0.474,0.476,0.469
Fresh Laban 500ml Almarai,Dairy & Cheese,1.272,1.244,1.191
Full Cream Milk 1L Almarai,Dairy & Cheese,1.460,1.405,1.436
Chocolate Milk 180ml Pinar,Dairy & Cheese,0.670,0.657,0.657
Fresh Cream 100g Pinar,Dairy & Cheese,1.054,1.040,0.981
Turkish Labneh 400g Al Diwan,Dairy & Cheese,0.429,0.440,0.415
Low Fat Milk 1L Amoo,Dairy & Cheese,0.227,0.224,0.214
Sandwich Cheese Slices Pinar,Dairy & Cheese,1.693,1.740,1.619
Turkish Labneh 400g Al Ain,Dairy & Cheese,0.423,0.423,0.420
Chocolate Milk 180ml Amul,Dairy & Cheese,0.330,0.323,0.315
Turkish Labneh 400g President,Dairy & Cheese,2.064,2.062,1.935
Low Fat Milk 1L Kraft,Dairy & Cheese,0.399,0.390,0.376
Unsalted Butter 100g President,Dairy & Cheese,0.804,0.778,0.747
Sandwich Cheese Slices Nada,Dairy & Cheese,0.219,0.224,0.201
Turkish Labneh 400g President,Dairy & Cheese,1.368,1.377,1.244
Greek Yogurt 150g Nada,Dairy & Cheese,2.426,2.356,2.259
Greek Yogurt 150g Nadec,Dairy & Cheese,0.268,0.265,0.251
Chocolate Milk 180ml Amoo,Dairy & Cheese,0.365,0.356,0.330
Fresh Cream 100g Danone,Dairy & Cheese,1.086,1.070,1.074
Ayran Laban 250ml Al Ain,Dairy & Cheese,0.169,0.173,0.156
Strawberry Milk 180ml Amul,Dairy & Cheese,1.955,1.936,1.844
Triangle Cheese 8s Nada,Dairy & Cheese,1.358,1.324,1.300
Sandwich Cheese Slices Nada,Dairy & Cheese,1.465,1.489,1.423
Strawberry Milk 180ml Tatweej,Dairy & Cheese,0.700,0.677,0.690
Fresh Laban 500ml Nada,Dairy & Cheese,1.185,1.138,1.112
Sandwich Cheese Slices Al Ain,Dairy & Cheese,1.218,1.233,1.218
Natural Yogurt 180g Amul,Dairy & Cheese,1.230,1.211,1.144
Natural Yogurt 180g Amoo,Dairy & Cheese,0.304,0.310,0.286
Natural Yogurt 180g Tatweej,Dairy & Cheese,1.130,1.088,1.036
Triangle Cheese 8s Amoo,Dairy & Cheese,2.260,2.162,2.123
Jar Cheese 500g Al Ain,Dairy & Cheese,0.273,0.263,0.255
Chocolate Milk 180ml President,Dairy & Cheese,0.702,0.714,0.698
Natural Yogurt 180g Al Ain,Dairy & Cheese,0.772,0.751,0.716
Triangle Cheese 8s Amoo,Dairy & Cheese,2.328,2.251,2.193
Low Fat Milk 1L Al Diwan,Dairy & Cheese,2.166,2.184,2.154
Turkish Labneh 400g Amoo,Dairy & Cheese,0.887,0.860,0.860
Fresh Cream 100g Amul,Dairy & Cheese,1.481,1.408,1.342
Sandwich Cheese Slices Kraft,Dairy & Cheese,1.480,1.495,1.352
Unsalted Butter 100g Al Ain,Dairy & Cheese,0.607,0.581,0.571
Full Cream Milk 1L Kraft,Dairy & Cheese,0.671,0.654,0.621
Ayran Laban 250ml Nada,Dairy & Cheese,0.361,0.349,0.327
Ayran Laban 250ml Amul,Dairy & Cheese,0.346,0.335,0.337
Turkish Labneh 400g Tatweej,Dairy & Cheese,1.934,1.950,1.834
Chocolate Milk 180ml Tatweej,Dairy & Cheese,0.658,0.636,0.612
Strawberry Milk 180ml Al Ain,Dairy & Cheese,1.436,1.449,1.342
Fresh Laban 500ml Nadec,Dairy & Cheese,0.445,0.429,0.437
Natural Yogurt 180g Al Diwan,Dairy & Cheese,2.037,1.975,2.032
Chocolate Ice Cream 1L Magnum,Ice Cream,0.807,0.787,0.736
Strawberry Ice Cream Cup Labella,Ice Cream,1.367,1.394,1.338
Mini Baskin Robbins Scoop Magnum,Ice Cream,1.182,1.133,1.069
Family Vanilla Ice Cream 1L London Dairy,Ice Cream,0.348,0.332,0.348
Mini Baskin Robbins Scoop Baskin Robbins,Ice Cream,0.481,0.495,0.480
Mini Baskin Robbins Scoop Labella,Ice Cream,1.113,1.114,1.111
Berry Ice Cream Bar Lulu,Ice Cream,1.004,1.003,0.970
Family Vanilla Ice Cream 1L London Dairy,Ice Cream,0.973,0.946,0.888
Berry Ice Cream Bar Quality,Ice Cream,1.286,1.276,1.190
Magnum Almond Nestle,Ice Cream,1.086,1.049,1.048
Cookies & Cream Ice Cream Quality,Ice Cream,1.625,1.622,1.546
Cookies & Cream Ice Cream Labella,Ice Cream,0.718,0.687,0.715
Strawberry Ice Cream Cup Labella,Ice Cream,1.418,1.415,1.362
Chocolate Ice Cream 1L Lulu,Ice Cream,0.972,0.945,0.950
Cookies & Cream Ice Cream Baskin Robbins,Ice Cream,0.620,0.620,0.604
Family Vanilla Ice Cream 1L Baskin Robbins,Ice Cream,1.371,1.326,1.251
Mini Baskin Robbins Scoop Lulu,Ice Cream,1.994,1.924,1.913
Mini Baskin Robbins Scoop Baladi,Ice Cream,1.038,0.987,0.943
Berry Ice Cream Bar Lulu,Ice Cream,1.069,1.082,1.034
Salted Caramel Ice Cream Magnum,Ice Cream,1.087,1.088,1.066
Family Vanilla Ice Cream 1L Lulu,Ice Cream,1.238,1.232,1.176
Family Vanilla Ice Cream 1L Baskin Robbins,Ice Cream,1.282,1.253,1.271
Salted Caramel Ice Cream Sadia,Ice Cream,1.733,1.784,1.686
Salted Caramel Ice Cream Magnum,Ice Cream,1.626,1.633,1.574
Chocolate Ice Cream 1L Lulu,Ice Cream,0.732,0.695,0.679
Berry Ice Cream Bar Quality,Ice Cream,0.786,0.755,0.742
Magnum Almond Sadia,Ice Cream,1.397,1.389,1.305
Mini Baskin Robbins Scoop Nestle,Ice Cream,1.029,1.019,0.959
Natural Mango Ice Cream Magnum,Ice Cream,1.512,1.531,1.379
Family Vanilla Ice Cream 1L Nestle,Ice Cream,1.482,1.450,1.372
Natural Mango Ice Cream Sadia,Ice Cream,1.667,1.703,1.638
Mini Baskin Robbins Scoop Quality,Ice Cream,1.196,1.214,1.122
Family Vanilla Ice Cream 1L Lulu,Ice Cream,0.900,0.872,0.819
Natural Mango Ice Cream Magnum,Ice Cream,0.346,0.352,0.345
Cookies & Cream Ice Cream Sadia,Ice Cream,0.318,0.325,0.301
Family Vanilla Ice Cream 1L Baskin Robbins,Ice Cream,0.750,0.737,0.725
Salted Caramel Ice Cream Sadia,Ice Cream,0.767,0.737,0.739
Family Vanilla Ice Cream 1L Labella,Ice Cream,1.241,1.248,1.204
Natural Mango Ice Cream Bahraini,Ice Cream,1.771,1.753,1.723
Chocolate Ice Cream 1L Bahraini,Ice Cream,0.754,0.746,0.739
Salted Caramel Ice Cream Labella,Ice Cream,0.426,0.438,0.388
Natural Mango Ice Cream Baskin Robbins,Ice Cream,1.254,1.246,1.139
Natural Mango Ice Cream Labella,Ice Cream,1.956,1.932,1.773
Cookies & Cream Ice Cream Baskin Robbins,Ice Cream,1.676,1.598,1.592
Berry Ice Cream Bar Sadia,Ice Cream,0.754,0.753,0.746
Salted Caramel Ice Cream Baladi,Ice Cream,1.250,1.261,1.171
Berry Ice Cream Bar London Dairy,Ice Cream,0.542,0.545,0.518
Family Vanilla Ice Cream 1L Labella,Ice Cream,1.153,1.163,1.144
Chocolate Ice Cream 1L Bahraini,Ice Cream,0.745,0.765,0.717
Natural Mango Ice Cream Nestle,Ice Cream,1.018,1.001,1.011
Mineral Water 500ml Arwa,Beverages & Water,0.450,0.448,0.421
Mineral Water 330ml Dely Fresh,Beverages & Water,0.613,0.586,0.562
Energy Drink 250ml Pepsi,Beverages & Water,0.217,0.208,0.216
Malt Beverage 330ml Aquafina,Beverages & Water,0.556,0.545,0.537
Glass Mango Juice 300ml Miranda,Beverages & Water,0.537,0.530,0.506
Mineral Water 330ml Arwa,Beverages & Water,0.249,0.240,0.229
Mineral Water 500ml Dely Fresh,Beverages & Water,0.678,0.650,0.669
Energy Drink 250ml Red Bull,Beverages & Water,0.279,0.280,0.252
Mineral Water 330ml Sprite,Beverages & Water,0.164,0.163,0.157
Glass Orange Juice 300ml Dely Fresh,Beverages & Water,0.228,0.221,0.212
Malt Beverage 330ml Sprite,Beverages & Water,0.536,0.522,0.490
Glass Mango Juice 300ml Rabea,Beverages & Water,0.776,0.770,0.723
Malt Beverage 330ml Arwa,Beverages & Water,1.011,0.967,0.958
Glass Mango Juice 300ml Lipton,Beverages & Water,0.962,0.935,0.956
Banana Milk 180ml Red Bull,Beverages & Water,1.187,1.159,1.115
Peach Iced Tea 300ml Lipton,Beverages & Water,0.982,0.970,0.925
Malt Beverage 330ml Fanta,Beverages & Water,1.085,1.044,1.062
Mineral Water 500ml Rabea,Beverages & Water,1.181,1.130,1.159
Glass Apple Juice 300ml Red Bull,Beverages & Water,0.584,0.585,0.548
Carbonated Can 330ml Miranda,Beverages & Water,0.759,0.776,0.712
Banana Milk 180ml Fanta,Beverages & Water,0.587,0.560,0.576
Carbonated Can 330ml Sprite,Beverages & Water,0.391,0.387,0.355
Mineral Water 330ml Coca-Cola,Beverages & Water,0.613,0.604,0.553
Mineral Water 500ml Rabea,Beverages & Water,0.766,0.741,0.737
Banana Milk 180ml Dely Fresh,Beverages & Water,0.303,0.289,0.291
Glass Apple Juice 300ml Cappy,Beverages & Water,0.676,0.654,0.653
Glass Orange Juice 300ml Arwa,Beverages & Water,0.303,0.293,0.284
Mineral Water 330ml Miranda,Beverages & Water,0.663,0.655,0.622
Banana Milk 180ml Arwa,Beverages & Water,0.260,0.258,0.236
Mineral Water 500ml Aquafina,Beverages & Water,0.672,0.692,0.618
Malt Beverage 330ml Fanta,Beverages & Water,1.109,1.123,1.089
Peach Iced Tea 300ml Miranda,Beverages & Water,0.677,0.668,0.632
Peach Iced Tea 300ml Aquafina,Beverages & Water,0.597,0.612,0.596
Banana Milk 180ml Lipton,Beverages & Water,0.932,0.936,0.854
Mineral Water 330ml Arwa,Beverages & Water,0.853,0.875,0.780
Carbonated Can 330ml Rabea,Beverages & Water,0.840,0.809,0.761
Malt Beverage 330ml Aquafina,Beverages & Water,0.557,0.530,0.520
Carbonated Can 330ml Dely Fresh,Beverages & Water,0.146,0.150,0.139
Mineral Water 500ml Aquafina,Beverages & Water,0.532,0.515,0.484
Carbonated Can 330ml Miranda,Beverages & Water,0.977,0.981,0.933
Carbonated Can 330ml Coca-Cola,Beverages & Water,0.791,0.792,0.779
Glass Apple Juice 300ml Arwa,Beverages & Water,0.856,0.879,0.833
Malt Beverage 330ml Aquafina,Beverages & Water,0.794,0.801,0.763
Mineral Water 330ml Aquafina,Beverages & Water,0.314,0.319,0.291
Energy Drink 250ml Lipton,Beverages & Water,1.016,1.031,1.002
Glass Apple Juice 300ml Red Bull,Beverages & Water,0.861,0.828,0.811
Mineral Water 500ml Miranda,Beverages & Water,0.725,0.692,0.698
Peach Iced Tea 300ml Pepsi,Beverages & Water,0.275,0.282,0.272
Glass Apple Juice 300ml Aquafina,Beverages & Water,1.191,1.151,1.114
Mineral Water 500ml Arwa,Beverages & Water,0.748,0.767,0.699
